ID,SYMBOL,URI,ASSET_TYPE,NAME,LAUNCH_DATE,SUPPLY_MAX,SUPPLY_ISSUED,SUPPLY_CIRCULATING,SUPPLY_FUTURE,SUPPLY_LOCKED,SUPPLY_BURNT,SUPPLY_STAKED,PRICE_USD,MKT_CAP_PENALTY,CIRCULATING_MKT_CAP_USD,TOTAL_MKT_CAP_USD,SPOT_MOVING_24_HOUR_QUOTE_VOLUME_USD,SPOT_MOVING_24_HOUR_CHANGE_USD,SPOT_MOVING_24_HOUR_CHANGE_PERCENTAGE_USD,SPOT_MOVING_7_DAY_QUOTE_VOLUME_USD,SPOT_MOVING_7_DAY_CHANGE_USD,SPOT_MOVING_7_DAY_CHANGE_PERCENTAGE_USD,SPOT_MOVING_30_DAY_QUOTE_VOLUME_USD,SPOT_MOVING_30_DAY_CHANGE_USD,SPOT_MOVING_30_DAY_CHANGE_PERCENTAGE_USD,LOGO_URL
1,BTC,bitcoin,BLOCKCHAIN,Bitcoin,1230940800,20999999.9769,19826053.0,19826053.0,1173946.9769,0.0,0.0,0.0,94477.3454680602,0.0,1873112858549.0713,1873112858549.0713,18932502422.8442,-1062.4329624775,-1.11203205610315,126880080097.285,-1350.3073755806,-1.40909991584982,919356506807.427,-6815.2957412678,-6.728322669742159,https://resources.cryptocompare.com/asset-management/1/1659708726266.png
2,ETH,ethereum,BLOCKCHAIN,Ethereum,1438214400,-1.0,125126445.226932,120556766.349946,-1.0,0.0,4569678.87698588,33583098.0,2619.8488331957,0.0,315840503655.7527,315840503655.7527,13224995137.9502,-115.4609908879,-4.2211302672662505,72896748685.7523,17.32547737716,0.665718420486983,492749327018.513,-593.81391949586,-18.4777920146885,https://resources.cryptocompare.com/asset-management/2/1724756690647.png
13,XRP,xrp,BLOCKCHAIN,XRP,1348617600,100000000000.0,100000000000.0,57818864895.0,0.0,37430000005.0,13548572.0,,2.50163293253512,,144641576543.13077,250129399699.60797,3792935754.4909,-0.16761140374358,-6.2793578491676705,26951907277.3117,0.07445077036254,3.06737465044234,166725918779.677,-0.47215878970112,-15.8773321672328,https://resources.cryptocompare.com/asset-management/13/1720685001950.png
7,USDT,tether,TOKEN,Tether,1412553600,-1.0,148849657023.7322,141762384601.69476,-1.0,7087272422.03744,0.0,0.0,0.999957272244761,0.0,141756327413.22342,148843297012.0195,623823438.226421,-0.000156062387498875,-0.0156044702229932,3508017758.03831,-6.10519743092e-05,-0.00610508555999476,24228991817.4734,0.00118486346783,0.118631978358408,https://resources.cryptocompare.com/asset-management/7/1720792178124.png
8,BNB,binance-coin,BLOCKCHAIN,Binance Coin,1555545600,100000000.0,202000000.0,142477188.12,0.0,0.0,59935247.711791,,631.452212136376,0.0,89967535617.3446,89967535617.3446,726508150.144664,-32.727701902523,-4.92753562863785,8437650039.40219,-10.735572207214,-1.67171853295019,26277915363.1342,-50.979879878869,-7.47032275816978,https://resources.cryptocompare.com/asset-management/8/1661250459982.png
3,SOL,solana,BLOCKCHAIN,Solana,1585612800,-1.0,605745099.764214,488505764.4235683,-1.0,178442288.8329546,11375426.0,,161.872004425872,0.0,79075407260.83583,96213487294.25874,4859816331.60746,-15.876588589872,-8.93204740499169,18807155839.1129,-36.420343515924,-18.3669939329249,140779566308.417,-91.464315130936,-36.103909337179005,https://resources.cryptocompare.com/asset-management/3/1659972172429.png
14,USDC,usd-coin,TOKEN,USDC,1536537600,-1.0,56355240034.154,56355240034.154,-1.0,0.0,0.0,,1.00010602704402,0.0,56361215213.66986,56361215213.66986,2200086907.48765,0.000166293128696125,0.0166303151135913,12085280168.3811,1.79967731198438e-05,0.00179951889984814,84057568673.5005,-0.00017310217955,-0.017305387515619202,https://resources.cryptocompare.com/asset-management/14/1728310128919.png
26,DOGE,dogecoin,BLOCKCHAIN,Dogecoin,1386460800,-1.0,148099596383.705,148099596383.705,-1.0,0.0,0.0,,0.24443525666561,,36200762854.124176,36200762854.124176,1219623721.12246,-0.014628240859254,-5.64658510327185,8414848901.03612,-0.00973742275874,-3.83102652133711,62788785303.337,-0.115386248669366,-32.067635468854796,https://resources.cryptocompare.com/asset-management/26/1662541306654.png
12,ADA,cardano,BLOCKCHAIN,Cardano,1506124800,45000000000.0,45000000000.0,35925881809.4041,0.0,9074118190.5959,0.0,,0.742113762384904,,26661091316.572258,33395119307.32068,658462657.478416,-0.055944484540762,-7.01007536182668,4084080289.41532,-0.038357844556124,-4.91470083152202,24154306209.4954,-0.252414360528899,-25.3803140115703,https://resources.cryptocompare.com/asset-management/12/1722244193379.png
28,TRX,tron,BLOCKCHAIN,TRON,1529884800,-1.0,110454558388.267,86090894153.20743,-1.0,0.0,24363664235.05938,,0.233364438484083,,20090553172.655876,20090553172.655876,419575505.677688,-0.007430560145356,-3.0858448836767303,2696467078.65009,-0.007657982550619,-3.17729052664209,16217485912.8084,0.004705663011372,2.05794114030563,https://resources.cryptocompare.com/asset-management/28/1724057701635.png
50,WBTC,wrapped-bitcoin,TOKEN,Wrapped Bitcoin,1543276800,-1.0,129138.42002211,129138.42002211,-1.0,0.0,0.0,,94499.641580967,,12203534406.421768,12203534406.421768,211676748.826788,-993.6215478227,-1.04051481252937,1764815766.42935,-1205.2734248247,-1.2593641870449,9560141250.96235,-6430.844030586,-6.37155760385036,https://resources.cryptocompare.com/asset-management/50/1725613109606.png
27,LINK,chainlink,TOKEN,Chainlink,1505520000,-1.0,1000000000.0,638099970.452787,-1.0,361900029.547213,0.0,,17.4324564225828,,11123649928.169582,17432456422.582798,430352822.721112,-1.6766872426577,-8.77426677003633,2249752803.47184,-1.2874378101488,-6.87737758634194,17808901101.9248,-6.9583705532413,-28.528637262436202,https://resources.cryptocompare.com/asset-management/27/1725619946262.png
52,XLM,stellar,BLOCKCHAIN,Stellar Lumen,1406764800,-1.0,105443902087.34729,30612999057.941658,-1.0,19388787836.5085,55442115192.897125,,0.318926676924969,,9763302060.25654,15946903734.557457,157602156.73085,-0.017714959152351,-5.26226029518292,1497980666.63142,-0.000804872907288,-0.251733964855913,10550968881.9857,-0.116200486783812,-26.704948915021497,https://resources.cryptocompare.com/asset-management/52/1663084942606.png
21,AVAX,avax,BLOCKCHAIN,Avalanche,1600819200,720000000.0,450378725.28980774,413709225.28980774,269621274.710192,36669500.0,0.0,,23.0719948272689,,9545097105.879868,10391135620.198404,228060500.770747,-1.8690433062046,-7.49384727372734,1471075586.16182,-2.3549002536778,-9.26145424433836,10945680031.1908,-12.6458968109968,-35.4049363805361,https://resources.cryptocompare.com/asset-management/21/1722247420409.png
18,LTC,litecoin,BLOCKCHAIN,Litecoin,1318032000,84000000.0,75546833.2334713,75546833.2334713,8453166.7665287,0.0,0.0,,123.067869617556,,9297387822.396093,9297387822.396093,836143540.314178,1.897231960303,1.5657522292402,7519727759.93409,3.720153429452,3.11707131755137,28347249412.5809,7.591713392429,6.5742692176457105,https://resources.cryptocompare.com/asset-management/18/1726477281982.png
2797,SUI,sui,BLOCKCHAIN,Sui,1680307200,-1.0,10000000000.0,3089707194.508888,-1.0,6910292805.49111,0.0,,2.94009277840514,,9084025809.961987,29400927784.0514,756402400.847975,-0.25411890916807,-7.955606391295119,5004267748.81916,-0.39963569609246,-11.966113387483599,29644792170.1546,-1.57379259396611,-34.8655861666102,https://resources.cryptocompare.com/asset-management/2797/1685374720592.png
813,TON,toncoin,BLOCKCHAIN,Toncoin,1629331200,-1.0,5122550272.43121,2494508815.33017,-1.0,2628041457.10104,0.0,,3.59582937888897,,8969828084.061747,18419816764.44384,88741113.4374153,-0.16797320045035,-4.46285895472858,645319872.7351,-0.15118171873799,-4.03472834211075,4285142262.30665,-1.26249659506652,-25.986247152507104,https://resources.cryptocompare.com/asset-management/813/1671195834071.png
19,SHIB,shiba-inu,TOKEN,Shiba Inu,1596153600,-1.0,999982339482145.0,589368030945024.0,-1.0,275674718506.3,410330645281493.7,,1.50728099613022e-05,,8883432327.701221,8887026471.69992,157007311.332469,-5.389977282577e-07,-3.45250043413066,1269759389.08448,-7.24433050150999e-07,-4.58581949790717,8301257226.84868,-5.3276794882315e-06,-26.115449344541503,https://resources.cryptocompare.com/asset-management/19/1724859212275.png
300,LEO,unus-sed-leo,TOKEN,LEO Token,1558396800,-1.0,924114441.9,924114441.9,-1.0,0.0,0.0,0.0,9.48478371114884,,8765025605.770521,8765025605.770521,381268.511141006,-0.01072136977728,-0.112909947242473,2979400.83788789,-0.12818566653837,-1.33346587825301,18652992.6571771,-0.11933953993555,-1.24258651014371,https://resources.cryptocompare.com/asset-management/300/1668609679280.png
43,HBAR,hedera,BLOCKCHAIN,Hedera Hashgraph,1568592000,50000000000.0,50000000000.0,41903956526.5806,0.0,27031763898.0,0.0,,0.196975595880441,,8254056806.571308,9848779794.02205,205016054.563839,-0.015911421444476,-7.474115446030851,1522579331.23686,-0.032841929770252,-14.2904374578332,12100088287.4866,-0.130525957335629,-39.855065129878696,https://resources.cryptocompare.com/asset-management/43/1726737580289.png
306,WETH,weth,TOKEN,Wrapped Ether,1546214400,-1.0,3015109.92490072,3015109.92490072,-1.0,0.0,0.0,,2622.57357967603,,7907347628.863607,7907347628.863607,835365762.574089,-114.31478153246,-4.17681565505959,4472075617.92411,19.4306229008,0.746429344198239,26010961200.544,-588.11856078758,-18.3175008707829,https://resources.cryptocompare.com/asset-management/306/1722510537709.png
18199,HYPE,hype,BLOCKCHAIN,Hyperliquid,1732838400,1000000000.0,999841166.4993544,334390785.51827073,158833.5006456,665450380.981084,0.0,,22.797613513648,,7623311890.770699,22793992488.88726,82423931.5170014,-2.309536647691,-9.198720813990741,249270176.249693,-0.7628082947189,-3.23766824262886,1067440696.71967,2.453090536523,12.0577441863897,https://resources.cryptocompare.com/asset-management/18199/1734005255874.png
450,OM,om,BLOCKCHAIN,MANTRA,1608163200,-1.0,1808435036.69,972855437.6799998,-1.0,835579599.01,0.0,,7.36564442999951,,7165707235.742427,13320289455.01166,210280051.28901,-0.02141054301854,-0.289838685331897,1816197434.84918,1.56201662042842,26.914486450223603,5874545049.44137,3.77195693047383,104.96062695968101,https://resources.cryptocompare.com/asset-management/450/1727686333438.png
29,BCH,bitcoin-cash,BLOCKCHAIN,Bitcoin Cash,1501545600,20999999.9769,19831081.1466508,19831081.1466508,1168918.8302492,0.0,0.0,,310.570622251942,,6158951211.6440935,6158951211.6440935,111097478.586249,-10.736177909919,-3.34141011161624,752671864.74897,-21.407901545769,-6.4485802578042,4760004521.11338,-118.034775588421,-27.5392648303472,https://resources.cryptocompare.com/asset-management/29/1662562865376.png
13710,USDE,ethena,TOKEN,Ethena USDe,1700438400,-1.0,6077249723.19491,6077249723.19491,-1.0,0.0,0.0,,0.999379179782856,,6073476843.702118,6073476843.702118,50304946.3695836,-0.000126472431441,-0.0126534983730021,242345283.377393,-0.000849529171244,-0.0849334920742596,1199727198.22021,0.001398889229391,0.140172029711649,https://resources.cryptocompare.com/asset-management/13710/1712909406788.png
40,UNI,uniswap,TOKEN,Uniswap Protocol Token,1600041600,-1.0,1000000000.0,587653554.387846,-1.0,412346445.6121538,0.0,,9.19088835412191,,5401058209.2816,9190888354.12191,147699665.748779,-0.56096479922085,-5.75239178031061,915433238.832273,-0.19070608536664,-2.03276838064891,6387231652.49827,-4.11289720397839,-30.915239771541298,https://resources.cryptocompare.com/asset-management/40/1724666660246.png
1730,WBT,wbt,BLOCKCHAIN,WhiteBIT Coin,1659657600,400000000.0,400000000.0,184814414.0,0.0,146000000.0,69185586.0,,27.2238006554102,,5031350764.982452,9006025660.672342,29475401.6554328,-0.2161775101766,-0.787819541517398,195136365.87785,-0.3155505989136,-1.1458171109388702,1114993406.56564,-1.1610793649859,-4.09048537161898,https://resources.cryptocompare.com/asset-management/1730/1715243149555.png
16976,USDS,usds,TOKEN,Sky Dollar,1725235200,-1.0,,4608406218.57739,-1.0,0.0,,,0.995375074978006,,4587092685.345578,4587092685.345578,152888.158150644,-0.004642719271244,-0.464263665901011,253146.932022595,-0.053706501982844,-5.11938281658036,1701773.8090948,-0.045521639685974,-4.3733099590644,https://resources.cryptocompare.com/asset-management/16976/1726758180460.png
42,XMR,monero,BLOCKCHAIN,Monero,1397779200,-1.0,18557497.7485644,18557497.7485644,-1.0,0.0,0.0,,230.574417131773,,4278884226.799426,4278884226.799426,58901386.9850926,-3.598933969146,-1.53686743270587,396252354.894127,7.304429558488,3.2715680409533,1932208670.48367,26.119121130963,12.7749790012089,https://resources.cryptocompare.com/asset-management/42/1663057779667.png
10417,EDLC,edlc,TOKEN,Edelcoin,1689897600,-1.0,5516931200.0,775961397.08,-1.0,4740969802.92,0.0,,4.80846537896557,,3731183513.2729354,26527972673.334976,6392.57231094793,0.07988669004496,1.6894440232567198,11159.1596890045,-0.12605310558111,-2.55451683838793,20565.680600731,1.67604115715175,53.506199622643805,https://resources.cryptocompare.com/asset-management/10417/1702556986990.png
3010,PEPE,pepe,TOKEN,Pepe (pepe.vip),1681430400,-1.0,420690000000000.0,413772910041223.0,-1.0,0.0,6917089958776.59,,9.00646770069364e-06,,3726632349.70829,3726632349.70829,705550550.750603,-8.5073919153803e-07,-8.63063138309987,3836422936.0111,-6.0312850844855e-07,-6.27631479327672,25031266107.2665,-7.05237442851376e-06,-43.915833855089,https://resources.cryptocompare.com/asset-management/3010/1709049889749.png
3212,MANTLE,mantle,BLOCKCHAIN,Mantle,1687219200,-1.0,6219316794.99,3364694382.8368406,-1.0,2854622412.15316,0.0,,1.09903117262233,,3697904013.08494,6835223030.107611,131606382.585724,0.0591358649101,5.68671331349681,645100419.661944,0.08312952827118,8.18283233750196,3732997457.38243,0.142710387056084,14.922857393670899,https://resources.cryptocompare.com/asset-management/3212/1698055507005.png
9,AAVE,aave,TOKEN,Aave,1600905600,-1.0,16000000.0,15073689.0912599,-1.0,926310.908740137,0.0,2882461.4867916,243.412409507288,,3669122981.867295,3894598552.116608,232747041.013033,-20.765051081286,-7.86026598750042,1541017450.25653,-0.834268324322,-0.341567931129514,11432875894.9251,-66.506384253058,-21.4592937221116,https://resources.cryptocompare.com/asset-management/9/1724311162543.png
23,NEAR,near-protocol,BLOCKCHAIN,Near,1587513600,-1.0,1235998399.84805,1185185476.9887,-1.0,50812922.85935,0.0,,3.05816949320831,,3624498069.520382,3779892600.0695934,142005836.902033,-0.22140338784204,-6.7509823953395705,1040282039.49723,-0.15913556556703,-4.94623800540707,6070113390.37296,-1.93224170567075,-38.7190880403757,https://resources.cryptocompare.com/asset-management/23/1721809693292.png
72,DAI,dai,TOKEN,Dai,1573603200,-1.0,,3483313723.72982,-1.0,0.0,,,1.00004903604371,,3483484531.653832,3483484531.653832,163217768.056034,-0.00015375291152,-0.0153721738449264,968325725.258548,-0.00015234762814,-0.015231695399252,4364653097.62477,8.54507722e-06,0.0008544731235573881,https://resources.cryptocompare.com/asset-management/72/1727941804095.png
18380,TRUMP,trump,TOKEN,OFFICIAL TRUMP,1737072000,1000000000.0,1000000000.0,199999605.256375,0.0,800000005.664,389.079625,,15.9117788174571,,3182349482.4181695,15911772626.508163,806411750.210724,-1.3939217606601,-8.05469708878873,12141032058.5994,0.5596343966821,3.64531743151651,29908993053.9904,-10.1846661109464,-39.0270250943697,https://resources.cryptocompare.com/asset-management/18380/1737365562305.png
81,ICP,internet-computer,BLOCKCHAIN,Internet Computer,1620604800,-1.0,531275514.329139,480958227.91905314,-1.0,49148252.4430239,1169033.96706196,,6.6070866881895,,3177732705.259187,3502459469.7232676,64057946.6491697,-0.39027028070202,-5.57739561433071,485091921.684086,-0.49374506365405,-6.953341255070041,3168352501.25132,-3.28640118358055,-33.2178219266627,https://resources.cryptocompare.com/asset-management/81/1727883078906.png
299,APT,aptos,BLOCKCHAIN,Aptos,1665532800,-1.0,1140600911.4523985,587274835.5339485,-1.0,553326075.91845,0.0,874025940.623452,5.38554734755257,,3162796432.794228,6142760213.288508,136610301.321578,-0.55267524228281,-9.30708194113234,809363939.023771,-0.50989276139664,-8.648934633779561,5296969961.4756,-3.11566758235623,-36.6496742882568,https://resources.cryptocompare.com/asset-management/299/1727941309155.png
20,DOT,polkadot,BLOCKCHAIN,Polkadot,1590451200,-1.0,1550088863.88363,656651820.257131,-1.0,893437043.626499,0.0,828122932.292915,4.59278880971333,,3015863131.95484,7119230788.105985,183364303.267609,-0.28527405039733,-5.848101153638241,1191736173.37124,-0.22254007190443,-4.62149268254478,7084684672.37501,-1.65597283707858,-26.5008161725732,https://resources.cryptocompare.com/asset-management/20/1724766730542.png
10607,ONDO,ondo,TOKEN,Ondo,1651104000,-1.0,10000000000.0,2602863565.59871,-1.0,7397136434.40129,0.0,,1.14998679416541,,2993258727.452809,11499867941.6541,263250622.879204,-0.09358764535767,-7.525697086019361,1869103350.4186,-0.20144719791205,-14.906181070847598,11655427215.8733,-0.23613354847866,-17.035573406867897,https://resources.cryptocompare.com/asset-management/10607/1706027622974.png
314,ETC,ethereum-classic,BLOCKCHAIN,Ethereum Classic,1468972800,210700000.0,150802848.24071074,150802848.24071074,59897151.7592893,0.0,0.0,,19.807113097912,,2986969070.5910172,2986969070.5910172,128490773.916367,-1.1413330730199,-5.44829465492107,712514739.021432,-0.5975083449351,-2.92829909444146,4606942351.94113,-5.8225287823393,-22.7179482629673,https://resources.cryptocompare.com/asset-management/314/1669374757222.png
10359,TAO,tao,BLOCKCHAIN,Bittensor,1679270400,21000000.0,8253447.016275282,8253447.01627528,12746552.9837247,0.0,0.0,5864261.01382819,355.963433428931,,2937925337.537115,2937925337.5371156,111075050.640546,2.281184310202,0.644981283591708,760762840.05974,-56.601885443923,-13.7194967329202,5355201668.55939,-70.396669818106,-16.5110828339671,https://resources.cryptocompare.com/asset-management/10359/1727882495309.png
338,GT,gatetoken,TOKEN,GateToken,1557360000,-1.0,300000000.0,125815473.199809,-1.0,174184526.800191,0.0,,21.9808847125529,,2765535411.460291,6594265413.76587,8621454.18742392,-1.0878483427598,-4.71568308563556,60553045.0710794,0.0978237432187,0.447029523684027,470139584.82445,2.0143328226331,10.0885362366952,https://resources.cryptocompare.com/asset-management/338/1735554443957.png
16221,RYO,ryo,TOKEN,RYO Coin,1716249600,-1.0,2000000000.0,218802688.0,-1.0,1781197312.0,0.0,,11.9525009668014,,2615239339.858745,23905001933.602802,3666369.87923052,0.2101739960359,1.78988369646973,20710945.081511,0.3993472424656,3.45660805693606,48819942.5540866,-0.0177006738073,-0.14787281232799598,https://resources.cryptocompare.com/asset-management/16221/1722600413270.png
860,KAS,kaspa,BLOCKCHAIN,Kaspa,1636243200,28704026601.0,25725246838.13827,25725246838.13827,2978779762.86173,0.0,0.0,,0.0980755707700021,,2523018266.8496027,2523018266.8496027,54257009.1678808,-0.0076043339037649,-7.19562903395817,429455150.332013,0.0019385359799952,2.01642996814866,2157198722.95866,-0.0261506849232359,-21.0508517521545,https://resources.cryptocompare.com/asset-management/860/1727941549204.png
10343,POL,pol,BLOCKCHAIN,Polygon Ecosystem Token,1666656000,-1.0,10361901110.2699,8564531118.5283,-1.0,1797369991.7416,0.0,,0.294387875143595,,2521294117.584743,3050418050.3004136,79772005.3598293,-0.026901703709499,-8.37303961290307,361810264.436539,-0.014201098323452,-4.60194613044671,2389181839.34942,-0.15208061490065,-34.0630119015966,https://resources.cryptocompare.com/asset-management/10343/1699263971486.png
83,VET,vechain,BLOCKCHAIN,VeChain,1530316800,86712634466.0,86712634466.0,80985041177.0,0.0,5000000000.0,727593289.0,,0.0308033170364075,,2494607898.581647,2648624483.7636843,43785361.9772865,-0.0020814967359145,-6.329659490626111,272956229.498266,-0.0025081575465052,-7.52941014443045,2486409664.53014,-0.0147102955100784,-32.320650212184,https://resources.cryptocompare.com/asset-management/83/1706094877974.png
16852,CBBTC,cbbtc,TOKEN,Coinbase Wrapped BTC,1724112000,-1.0,23841.27042791,23841.27042791,-1.0,0.0,0.0,,95241.711050011,,2270683389.1601763,2270683389.1601763,71671.4791712502,-90.8773491659,-0.095326635615282,148039238.750352,-500.4087638842,-0.522663133902718,1453449066.89626,-5850.435023271,-5.78723001787894,https://resources.cryptocompare.com/asset-management/16852/1726225253831.png
116,CRO,cronos,BLOCKCHAIN,Cronos,1573689600,30000000000.0,30000000000.0,26571560696.0,5000000000.0,3428439304.0,0.0,,0.0834459624113013,,2217289455.048027,2503378872.339039,14992949.7436274,-0.0042732546736597,-4.87151483525077,113766306.110178,-0.0096043829827784,-10.3217058916898,735522735.764407,-0.0487672152145977,-36.885290929612104,https://resources.cryptocompare.com/asset-management/116/1663860602048.png
75,ALGO,algorand,BLOCKCHAIN,Algorand,1560211200,10000000000.0,10000000000.0,8446830817.302296,0.0,1553169182.6977,0.0,,0.247628138827608,,2091672994.2802505,2476281388.27608,103593862.033838,-0.023472520163563,-8.65823058155216,643398117.557907,-0.040074340088226,-13.9290909967966,4868441799.9347,-0.151942235943383,-38.0264017397353,https://resources.cryptocompare.com/asset-management/75/1729840142098.png
3242,FDUSD,fdusd,TOKEN,First Digital USD,1685059200,-1.0,2042550586.466722,2042550586.466722,-1.0,0.0,0.0,,0.998678974716187,,2039852325.4985325,2039852325.4985325,461988163.87348,-8.5956440762e-05,-0.008606273416351309,3062195912.43528,-0.000350066426977,-0.0350406657424521,19447621194.0406,0.001340578857864,0.134415647029239,https://resources.cryptocompare.com/asset-management/3242/1735636636504.png
32,FIL,filecoin,BLOCKCHAIN,FileCoin,1598227200,2000000000.0,2000000000.0,633670327.0,0.0,0.0,0.0,,3.1490775557305,,1995477004.4881067,1995477004.4881067,156052316.301323,-0.22301759795236,-6.613621140221671,814401136.624302,-0.19116926956525,-5.7232078814511995,5619964603.00303,-1.82499006789603,-36.6900936213138,https://resources.cryptocompare.com/asset-management/32/1662649781319.png
808,ARB,arbitrum,BLOCKCHAIN,Arbitrum,1622160000,-1.0,9999998977.63022,4419312625.0,-1.0,5580686352.63022,0.0,,0.444135137270911,,1962772019.347445,4441350918.638767,144113534.97871,-0.045230808028416,-9.242737150569399,861065902.737027,-0.021193724450066,-4.55456907866899,6203712588.23901,-0.25518280873734,-36.4902416982059,https://resources.cryptocompare.com/asset-management/808/1671187613828.png
15,ATOM,cosmos,BLOCKCHAIN,Cosmos,1573516800,-1.0,436771767.165431,436771767.165431,-1.0,0.0,0.0,,4.46996199412807,,1952353199.3376312,1952353199.3376312,100094339.774802,-0.33015464494059,-6.87805463420256,664884870.420353,-0.23477872288481,-4.99025848620782,4199035485.80969,-1.42766025325504,-24.2073872040299,https://resources.cryptocompare.com/asset-management/15/1724836803227.png
336,FET,fetchai,BLOCKCHAIN,Artificial Superintelligence Alliance,1601856000,-1.0,2714493896.672,2678802228.57731,-1.0,35691668.0946882,0.0,,0.712596557743909,,1908905246.9609032,1934339006.7853172,97614185.4782351,-0.045687366862093,-6.02510027966527,693887338.937536,-0.046467688077119,-6.1217068690750995,5058859313.90267,-0.460406887368001,-39.2502587512926,https://resources.cryptocompare.com/asset-management/336/1722507167337.png
25,OP,optimism,BLOCKCHAIN,Optimism,1636588800,-1.0,4294963294.23997,1620705846.0,-1.0,2674257448.23997,0.0,0.0,1.05005324218478,,1701827428.2201266,4509940132.181304,174343050.282345,-0.12597827484717,-10.7121512495781,876034865.164855,-0.02152402206866,-2.0086299688016998,5085650613.86173,-0.65678952037087,-38.4797905688431,https://resources.cryptocompare.com/asset-management/25/1662480444157.png
17157,S,s,BLOCKCHAIN,Sonic,1733011200,-1.0,3268142606.11455,2880000000.0,-1.0,388142606.11455,0.0,,0.569031168437799,,1638809765.100861,1859675005.7787158,163273872.291668,-0.009784110346748,-1.6903683619571401,760958243.376,0.115505492580083,25.468346937940602,3236919512.0003,0.005390255063525,0.9563278561976409,https://resources.cryptocompare.com/asset-management/17157/1727687183179.png
39,FTM,fantom,BLOCKCHAIN,Fantom,1577404800,3175000000.0,3175000000.0,2803634835.5265927,0.0,371365164.473407,0.0,,0.5678151930318,,1591946455.325211,1802813237.8759649,4825264.01943198,-0.009898135468615,-1.71332994762434,21504108.3020379,0.114101512720678,25.1483518509814,110285816.621608,-0.000508210676952,-0.0894227958298973,https://resources.cryptocompare.com/asset-management/39/1724661684414.png
3285,TIA,celestia,BLOCKCHAIN,Celestia,1698710400,-1.0,1090214447.46128,532404550.314584,-1.0,557809897.146696,4023.7871402,400000855.90008,2.97232391485273,,1582478777.2764516,3240470474.5071177,74709053.1757026,-0.09776311520282,-3.18437602080131,401210273.633653,-0.25151166650994,-7.801628220866939,2672478567.04871,-1.67717262011031,-36.072133993399,https://resources.cryptocompare.com/asset-management/3285/1729787905033.png
14091,RENDER,render-token,TOKEN,Render Network,1698710400,-1.0,411455721.317851,394542193.831654,-1.0,16913527.48619723,0.0,,3.99843616077597,,1577551774.7683673,1645179434.6754558,71332511.1716429,-0.35933268644007,-8.24579501663173,512694302.269786,-0.45920806811408,-10.301586320818199,3221619827.64244,-2.70667565013124,-40.3673454889789,https://resources.cryptocompare.com/asset-management/14091/1720796905345.png
62,LDO,lido-dao,TOKEN,Lido DAO,1608163200,1000000000.0,1000000000.0,896838471.87191,0.0,103161528.12809,0.0,,1.70630986342281,,1530284330.4520802,1706309863.42281,157272532.028738,-0.13698262600645,-7.43141019626592,1020048036.37082,0.11944840700894,7.52733684003392,6024326034.06171,0.08555290178222,5.27857685063529,https://resources.cryptocompare.com/asset-management/62/1725453885252.png
857,DEXE,dexe,TOKEN,DeXe,1646524800,-1.0,96504599.3360945,83733347.4979964,-1.0,12771251.8380981,0.0,,17.7712569000095,,1488046829.4846618,1715008026.8342216,6666390.58029267,0.0368207292349,0.20762277909674198,44385265.5141499,-1.3267499308637,-6.94705967283937,598642651.656294,0.1958985516459,1.11462052586905,https://resources.cryptocompare.com/asset-management/857/1738582909630.png
325,KCS,kucoin-token,BLOCKCHAIN,KuCoin Token,1505433600,200000000.0,200000000.0,122606967.85133566,0.0,20000000.0,57393032.14866435,,11.9914193485585,,1470231566.5605965,1710059953.5317662,3511905.30721263,-0.1979518674131,-1.6239711130769898,21187305.6214768,-0.1581223155423,-1.30146733032338,87814449.2466102,1.4570850595371,13.831771610434199,https://resources.cryptocompare.com/asset-management/325/1669817981282.png
327,XDC,xdc-network,BLOCKCHAIN,XDC Network,1517788800,-1.0,37973070350.55,15689535314.55,-1.0,22283535036.0,0.0,,0.0894182946943023,,1402931492.3730948,3395487195.0529537,38983772.1298767,-0.0058297838946372,-6.12063149304743,268031071.830891,-0.0010453452132354,-1.1555418445508499,1509315793.85429,-0.0356487392492107,-28.503705673000603,https://resources.cryptocompare.com/asset-management/327/1709890540840.png
82,QNT,quant,TOKEN,Quant,1529884800,-1.0,24400000.0,14781107.0906549,-1.0,68316.83590891301,9550576.07343621,,91.9110703702414,,1358547373.9592566,1364826447.4719517,21533656.4747565,-2.7831012892986,-2.93904180217644,127377179.242054,3.3375812764379,3.7681492629281497,777371279.446449,-11.9884665099396,-11.53851775467,https://resources.cryptocompare.com/asset-management/82/1663324566521.png
367,STX,stacks,BLOCKCHAIN,Stacks,1610582400,1818000000.0,1565591486.01118,1513647041.5672,252408513.98882,0.0,0.0,,0.866878315810462,,1312147798.1252627,1357177310.6405702,36666429.0913345,-0.057533666391593,-6.2238122719419104,218760160.436606,-0.079347629599994,-8.38569582506791,1574681682.87135,-0.564127759574468,-39.421758529063,https://resources.cryptocompare.com/asset-management/367/1669906485579.png
13420,ENA,ena,TOKEN,Ethena,1709596800,-1.0,15000000000.0,3128125000.0,-1.0,11871875000.0,0.0,,0.406155000692484,,1270503611.5411766,6092325010.38726,152812569.148613,-0.043485020626496,-9.67107431828165,1101826359.24331,-0.036321779962379,-8.20874259404595,9490246182.73323,-0.439671842636223,-51.9813063517726,https://resources.cryptocompare.com/asset-management/13420/1712158213309.png
159,IMX,immutable-x,TOKEN,Immutable X,1634774400,-1.0,2000000000.0,1743800322.38981,-1.0,256199677.6101859,0.0,,0.726762791050959,,1267329189.3355803,1453525582.101918,33151424.1687873,-0.095485251910495,-11.6127064974931,201759893.539008,-0.058440195941681,-7.442686402086849,1064543338.64461,-0.439852134046921,-37.7032836272018,https://resources.cryptocompare.com/asset-management/159/1729509071011.png
108,GRT,the-graph,TOKEN,The Graph,1669766400,-1.0,10800262823.9182,9775181456.58509,-1.0,1025081367.33311,0.0,,0.127948199717411,,1250716869.2810817,1381874184.7952151,47734266.2321941,-0.014061997596889,-9.90210411845755,280476313.441843,-0.011040263424457,-7.94329484252805,1812916976.47066,-0.070038747362463,-35.3754368131184,https://resources.cryptocompare.com/asset-management/108/1725873450990.png
87,THETA,theta-network,BLOCKCHAIN,Theta Network,1552608000,1000000000.0,1000000000.0,1000000000.0,0.0,0.0,0.0,,1.22862734823758,,1228627348.23758,1228627348.23758,20339970.1639088,-0.10677821775464,-7.995939246763791,121886312.822989,-0.14461942513736,-10.5312044376364,859780223.49748,-0.78474603170501,-38.9766766324976,https://resources.cryptocompare.com/asset-management/87/1726825318630.png
18234,MOVE,move,BLOCKCHAIN,Movement,1727395200,-1.0,10000000000.0,2400000000.0,-1.0,7600000000.0,0.0,,0.499575164922583,,1198980395.8141992,4995751649.22583,74431879.624977,-0.042387574508389,-7.82112337702282,645509961.900962,-0.048624671153619,-8.8698806445575,4061248768.21771,-0.242003857280355,-32.6335899526199,https://resources.cryptocompare.com/asset-management/18234/1734601501148.png
11020,HTX,htx,TOKEN,HTX,1698796800,-1.0,999990000000000.0,658453462473603.0,-1.0,307950123415297.44,33586414111100.2,,1.81650741574427e-06,,1196085597.5057912,1755479280.3690414,26640254.3201293,-7.91719091441602e-08,-4.17643997614522,173217094.246258,-1.2248259729313e-07,-6.31682455657741,820797856.007111,-3.0390018538975e-07,-14.3321588371604,https://resources.cryptocompare.com/asset-management/11020/1706803249264.png
1627,FLR,flare,BLOCKCHAIN,Flare,1564617600,-1.0,103032758083.3131,59045048025.90195,-1.0,43987710057.4111,0.0,,0.0197937293251175,,1168721698.6132665,2039402525.1214113,7130780.68655188,-0.0012519919136619,-5.9489142684022,53909604.4412256,-0.000602121802335305,-2.95217786486414,389571677.654278,-0.00654675894469,-24.854356827523798,https://resources.cryptocompare.com/asset-management/1627/1674120678362.png
223,RAY,raydium,TOKEN,Raydium,1612742400,-1.0,554999153.651881,290865965.95934,-1.0,264133187.692541,0.0,,3.97188015413683,,1155284757.7077413,2204390123.9526434,69462720.1386234,-0.67242563313436,-14.4784961183499,567994953.383068,-1.33669231955352,-25.1798826554268,3201807001.41535,-2.45544287141823,-38.203196908812295,https://resources.cryptocompare.com/asset-management/223/1729786272045.png
1255,BONK,bonk,TOKEN,BONK,1670457600,-1.0,100000000000000.0,77009444143773.2,-1.0,11858809530987.324,11131746325239.5,,1.4969079144587e-05,,1152760464.268793,1330275922.6987245,102832823.376868,-1.628756444241e-06,-9.81306529712414,640925269.163162,-2.7174071954073e-06,-15.3643134264744,6264676483.35465,-1.76317097143442e-05,-54.083690399761196,https://resources.cryptocompare.com/asset-management/1255/1673252750661.png
3197,WLD,worldcoin,BLOCKCHAIN,Worldcoin,1689552000,-1.0,10000000000.0,1032961960.2429609,-1.0,8967038039.75704,0.0,,1.09284900411272,,1128871449.5378428,10928490041.1272,195262217.972508,-0.10863335899587,-9.04161079109005,980815895.448023,-0.15804564315236,-12.634608637738301,7904884445.4141,-0.8207788298929,-42.891246422500004,https://resources.cryptocompare.com/asset-management/3197/1690275596683.png
84,INJ,injective-protocol,BLOCKCHAIN,Injective,1602892800,-1.0,100000000.0,80005555.33,-1.0,19994444.67,0.0,,13.3132410783887,,1065133245.718656,1331324107.83887,93190662.6438513,-1.776067226714,-11.7703687326303,589815718.64202,-0.9343069926217,-6.55766864561589,3308021471.96564,-7.3848511585002,-35.6788977166632,https://resources.cryptocompare.com/asset-management/84/1663670363473.png
111,NEO,neo,BLOCKCHAIN,NEO,1501545600,100000000.0,100000000.0,100000000.0,0.0,0.0,0.0,,10.2454314544697,,1024543145.4469699,1024543145.4469699,24301391.0252508,-0.6257762353913,-5.756271549985461,167029307.688809,-0.7344400387153,-6.6889675272716405,1166948650.09377,-3.9989024403041,-28.073635944263298,https://resources.cryptocompare.com/asset-management/111/1727167777505.png
90,JASMY,jasmy,TOKEN,JasmyCoin,1577318400,-1.0,50000000000.0,49444999677.5903,-1.0,555000322.409731,0.0,,0.0201699430328098,,997302826.7542952,1008497151.6404899,36973839.7736965,-0.0018778698254706,-8.51726127004628,265765879.336552,-0.0017508481531028,-7.98715766348791,2767018572.94568,-0.0069926046806899,-25.74355231492,https://resources.cryptocompare.com/asset-management/90/1727100384608.png
11362,JUP,jupiter,TOKEN,Jupiter,1722124800,-1.0,6999978760.84391,1350000000.0,-1.0,5649978760.84391,1.1979,,0.681454085177702,,919963014.9898977,4770164122.734231,298715260.440413,-0.128560706794881,-15.871402358197,1303324439.29765,-0.147361749044822,-17.7797941303879,9148044610.85206,-0.297296183725419,-30.375080668799896,https://resources.cryptocompare.com/asset-management/11362/1707478465441.png
59,ENS,ethereum-name-service,TOKEN,Ethereum Name Service,1635724800,-1.0,100000000.0,35549635.8796731,-1.0,64450364.12032692,0.0,,25.8418686652188,,918669021.4988623,2584186866.52188,81987043.2593467,-1.6479144767706,-5.99464342173542,531733542.484378,0.1423520255677,0.553909349983917,2969945095.22839,-8.1879332269079,-24.0610663936962,https://resources.cryptocompare.com/asset-management/59/1663166287028.png
128,MKR,maker,TOKEN,Maker,1511568000,-1.0,863085.907074794,836158.880318269,-1.0,26904.6325929784,22.3941635467178,,1082.54904118657,,905182994.1681781,934308578.3851833,100057621.408356,41.4236475865,3.9787376084702597,354702554.935835,122.712885914141,12.7847742804929,1922179720.00239,-195.9305205328,-15.3252759292688,https://resources.cryptocompare.com/asset-management/128/1724685494994.png
44,SAND,the-sandbox,TOKEN,The Sandbox,1572307200,3000000000.0,3000000000.0,2464357126.22332,0.0,535642873.7766775,0.0,,0.354120182187172,,872678594.5124577,1062360546.561516,80256547.6523929,-0.038804656276356,-9.87584710299701,439938731.260915,-0.039916255706185,-10.1300925162124,2986072182.90085,-0.207929242873814,-36.9948324119809,https://resources.cryptocompare.com/asset-management/44/1663061865705.png
910,FLOKI,floki,TOKEN,Floki,1642464000,-1.0,20000000000000.0,9669706005120.26,-1.0,0.0,10330293994879.74,,8.95506767515454e-05,,865928716.7470018,865928716.7470018,117657667.356283,-5.08392433062311e-06,-5.37216226674732,727852022.7723,-2.60546995513611e-06,-2.82723404595996,5053917874.64684,-5.51890416310116e-05,-38.129852847401004,https://resources.cryptocompare.com/asset-management/910/1729678210293.png
136,XTZ,tezos,BLOCKCHAIN,Tezos,1530316800,-1.0,1053212107.7968,1030902537.93154,-1.0,20254302.07187,2055267.793389,,0.831549435588649,,857246423.5638779,874088877.0199834,25361917.1607634,-0.059042084758187,-6.629535921832421,160298441.742676,-0.03494043291565,-4.03241101664152,981287619.150584,-0.391409390231461,-32.0051159505704,https://resources.cryptocompare.com/asset-management/136/1664198491691.png
818,BTT,bittorrent,BLOCKCHAIN,BitTorrent,1606780800,-1.0,990000000000000.0,986061142857000.0,-1.0,3938857143000.0,0.0,,8.35621742831229e-07,,823974130.7323198,827265525.4029167,25216273.7550032,-3.20607472417941e-08,-3.69498608172857,141088943.526208,-4.4214990131208e-08,-5.02536305597685,942051723.192188,-2.25967599832441e-07,-21.2857826233879,https://resources.cryptocompare.com/asset-management/818/1671203562635.png
3013,SEI,sei,BLOCKCHAIN,Sei,1684713600,10000000000.0,10000000000.0,3784463991.79898,0.0,5131743777.39979,1083792230.80123,5131743777.39979,0.216820704087896,,820550147.2971444,1933218446.311646,58668225.3466993,-0.015394728112234,-6.62950259867586,373326020.383032,-0.012838219122381,-5.59012423420023,2847722909.48034,-0.132795971677425,-37.9833059698113,https://resources.cryptocompare.com/asset-management/3013/1704711907048.png
16,EOS,eos,BLOCKCHAIN,EOS,1528934400,2100000000.0,2100000000.0,1372420073.6004,0.0,727579926.3996,0.0,,0.59617256219394,,818199191.6847461,1251962380.607274,74611285.9580119,-0.034393288140451,-5.4543531214403895,546127388.843516,-0.029635910933339,-4.73561995497487,3724728681.2314,-0.220386649785153,-26.989671606423,https://resources.cryptocompare.com/asset-management/16/1736246449508.png
1153,MSOL,msol,TOKEN,Marinade Staked SOL,1711929600,-1.0,3983276.02898681,3983276.02898681,-1.0,0.0,0.0,,205.383323105363,,818098467.6792452,818098467.6792452,638376.13184134,-20.080380878192,-8.90625875624603,2126109.97340882,-44.922881687572,-17.9471706363549,10831649.2697165,-110.846465294465,-35.0525059183594,https://resources.cryptocompare.com/asset-management/1153/1672823100726.png
182,GALA,gala,BLOCKCHAIN,Gala,1681862400,43098930461.2839,50000000000.0,36956439375.491,0.0,2024160136.01463,11019400488.4944,,0.0210184645036416,,776767609.1947403,819312347.1632496,66827548.0970967,-0.0011391692602843,-5.1412044824883,481180630.302671,-0.0016972913366737,-7.47186819846599,3180022730.11166,-0.0121996992885496,-36.7259893258081,https://resources.cryptocompare.com/asset-management/182/1705317714786.png
48,FLOW,flow,BLOCKCHAIN,Flow,1589500800,-1.0,1563712953.48401,1563712953.48401,-1.0,0.0,0.0,,0.49127699060078,,768216193.9510819,768216193.9510819,22863295.5392321,-0.026927053841483,-5.19622610635243,139778153.939506,-0.021116980210425,-4.12123901009087,850523558.012441,-0.197073670348149,-28.6298367283431,https://resources.cryptocompare.com/asset-management/48/1720778593103.png
10370,PYTH,pyth,TOKEN,Pyth Network,1629849600,-1.0,9999987985.86743,3624987985.86743,-1.0,6375000000.0,0.0,,0.208365513069605,,755322481.546421,2083652627.3651528,94689871.388952,1.1370565041e-05,0.00545732611999828,330443517.723623,0.007164676729344,3.56095772744575,1402363766.26778,-0.112163074125325,-34.993157741999696,https://resources.cryptocompare.com/asset-management/10370/1727088131308.png
127,BSV,bitcoin-sv,BLOCKCHAIN,Bitcoin SV,1542240000,20999999.9769,19826812.5,19826812.5,1819792.08266095,0.0,0.0,,37.5064950265365,,743634244.4233217,743634244.4233217,34560994.1597252,-1.9819167384012,-5.01898316447604,209782843.679632,-1.9203412641735,-4.87064508553019,1059484479.52793,-13.8459940061961,-26.9626541322477,https://resources.cryptocompare.com/asset-management/127/1681828845314.png
10410,JTO,jito,TOKEN,Jito,1701907200,-1.0,1000000000.0,295396504.8,-1.0,704603495.2,0.0,,2.508257582977,,740930523.1495018,2508257582.9769998,38792124.8618446,-0.23732864540778,-8.644006258270009,277623436.564159,-0.11835088728794,-4.50584427133909,1376529846.62568,-0.45602913078314,-15.3841100682422,https://resources.cryptocompare.com/asset-management/10410/1702041535684.png
328,NEXO,nexo,TOKEN,NEXO,1524960000,-1.0,1000000000.0,560000008.574685,-1.0,439999991.425315,0.0,,1.31687567737018,,737450390.6190948,1316875677.37018,3337085.06177199,-0.02374810005808,-1.77142166638551,25147260.3251945,0.009924756922,0.759382526667229,189301934.925263,0.01223955274372,0.938158350262177,https://resources.cryptocompare.com/asset-management/328/1732546085642.png
1223,RONIN,ronin,BLOCKCHAIN,Ronin,1611532800,-1.0,1000000000.0,619389698.9641546,-1.0,380610301.035845,0.0,,1.18642465243355,,734859208.3144683,1186424652.43355,12911857.7208237,-0.11683871854413,-8.96508880292401,105206056.291822,0.03208015180975,2.77907953755695,507147819.036958,-0.47384819779388,-28.5403810421263,https://resources.cryptocompare.com/asset-management/1223/1672929393145.png
123,KAIA,kaia,BLOCKCHAIN,Kaia,1561334400,-1.0,5948006255.263417,5948006245.67081,-1.0,9.592607,0.0,,0.122122400515476,,726384801.0023633,726384802.1738356,14981894.4732235,-0.009355124179978,-7.11537899853804,85390567.8226034,-0.009708240471382,-7.36417603578958,583478701.720505,-0.091702995391205,-42.8868586925131,https://resources.cryptocompare.com/asset-management/123/1730203579476.png
409,XAUT,xaut,TOKEN,Tether Gold,1636329600,-1.0,246524.33,246524.33,-1.0,0.0,0.0,,2920.35388584571,,719938285.0710101,719938285.0710101,5167932.86452601,25.81028282257,0.891687476934638,19984567.8638138,24.11448668422,0.832613722857356,146070318.21957,226.35261856929,8.40209770198541,https://resources.cryptocompare.com/asset-management/409/1669921193400.png
88,CAKE,pancakeswap,TOKEN,PancakeSwap,1600732800,-1.0,2025911387.75105,290448991.52772045,-1.0,87688903.265194,1647773492.9581366,,2.47168187253248,,717897507.2544065,934636579.8772408,134599424.883594,-0.17244311413467,-6.521745946360499,2543327927.25089,0.50681186713639,25.7936589059094,4182783584.10252,0.312510634671,14.4736382733832,https://resources.cryptocompare.com/asset-management/88/1699438702771.png
375,TEL,tel,TOKEN,Telcoin,1580169600,-1.0,100000000000.0,71892858900.7,-1.0,28107141099.3,0.0,,0.00966288760926363,,694692615.4661124,966288760.926363,14805781.3909131,-0.00136053605716137,-12.3422277718063,92716063.9283389,0.00257489402100683,36.327544444634505,181048155.540896,0.00296012267580145,44.162710540894004,https://resources.cryptocompare.com/asset-management/375/1698397506739.png
